predictedAge;predictedGender;age;gender;language;nrOfChildren;speakerID;speakerFile;childAge1;childAge2;childAge3;childAge4;childAge5;childAge6;realAge;realGender;Date;correctWithThreeAgeGroups;correctWithTwoAgeGroups
11;Male;75;Female;Estonian;1;208_2;208_20002208_89_ch1.wav;51;;;;;;11;Female;11/03/2018 17:10:10;1;1
13;Female;75;Female;Estonian;1;198_2;198_20002198_1708_ch1.wav;51;;;;;;11;Female;11/03/2018 17:10:10;0;1
16;Male;75;Female;Estonian;1;273_1;273_10001273_667_ch1.wav;51;;;;;;16;Male;11/03/2018 17:10:10;1;1
10;Female;75;Female;Estonian;1;153_2;153_20002153_2265_ch1.wav;51;;;;;;10;Female;11/03/2018 17:10:10;1;1
17;Male;75;Female;Estonian;1;320_1;320_10001320_145_ch1.wav;51;;;;;;16;Male;11/03/2018 17:10:10;1;1
12;Female;75;Female;Estonian;1;327_2;327_20002327_1536_ch1.wav;51;;;;;;14;Female;11/03/2018 17:10:10;0;0
13;Male;75;Female;Estonian;1;276_1;276_10001276_54_ch1.wav;51;;;;;;15;Male;11/03/2018 17:10:10;0;0
15;Female;75;Female;Estonian;1;259_2;259_20002259_88_ch1.wav;51;;;;;;14;Female;11/03/2018 17:10:10;0;1
10;Male;75;Female;Estonian;1;154_1;154_10001154_25_ch1.wav;51;;;;;;10;Male;11/03/2018 17:10:10;1;1
14;Female;75;Female;Estonian;1;333_2;333_20002333_167_ch1.wav;51;;;;;;16;Female;11/03/2018 17:10:10;0;1
16;Male;50;Female;Estonian;1;294_1;294_10001294_85_ch1.wav;30;;;;;;14;Male;20/03/2018 22:01:38;0;1
12;Male;50;Female;Estonian;1;282_1;282_10001282_766_ch1.wav;30;;;;;;13;Male;20/03/2018 22:01:38;0;1
10;Female;50;Female;Estonian;1;208_2;208_20002208_651_ch1.wav;30;;;;;;11;Female;20/03/2018 22:01:38;1;1
12;Female;50;Female;Estonian;1;198_2;198_20002198_787_ch1.wav;30;;;;;;11;Female;20/03/2018 22:01:38;1;1
17;Male;50;Female;Estonian;1;320_1;320_10001320_669_ch1.wav;30;;;;;;16;Male;20/03/2018 22:01:38;1;1
14;Female;50;Female;Estonian;1;284_2;284_20002284_1520_ch1.wav;30;;;;;;14;Female;20/03/2018 22:01:38;1;1
11;Male;50;Female;Estonian;1;153_2;153_20002153_728_ch1.wav;30;;;;;;10;Female;20/03/2018 22:01:38;1;1
15;Male;50;Female;Estonian;1;252_1;252_10001252_2216_ch1.wav;30;;;;;;16;Male;20/03/2018 22:01:38;1;1
17;Male;50;Female;Estonian;1;273_1;273_10001273_270_ch1.wav;30;;;;;;16;Male;20/03/2018 22:01:38;1;1
10;Female;50;Female;Estonian;1;142_2;142_20002142_12_ch1.wav;30;;;;;;10;Female;20/03/2018 22:01:38;1;1
18;Male;50;Female;Estonian;2;312_1;312_10001312_289_ch1.wav;28;25;;;;;16;Male;30/03/2018 20:35:43;1;1
10;Male;50;Female;Estonian;2;258_2;258_20002258_139_ch1.wav;28;25;;;;;13;Female;30/03/2018 20:35:43;0;1
12;Female;50;Female;Estonian;2;306_2;306_20002306_1759_ch1.wav;28;25;;;;;13;Female;30/03/2018 20:35:43;0;1
16;Male;50;Female;Estonian;2;245_1;245_10001245_644_ch1.wav;28;25;;;;;18;Male;30/03/2018 20:35:43;1;1
14;Male;50;Female;Estonian;2;154_1;154_10001154_25_ch1.wav;28;25;;;;;10;Male;30/03/2018 20:35:43;0;0
14;Male;50;Female;Estonian;2;212_1;212_10001212_1964_ch1.wav;28;25;;;;;12;Male;30/03/2018 20:35:43;0;0
16;Male;50;Female;Estonian;2;273_1;273_10001273_1648_ch1.wav;28;25;;;;;16;Male;30/03/2018 20:35:43;1;1
16;Female;50;Female;Estonian;2;333_2;333_20002333_288_ch1.wav;28;25;;;;;16;Female;30/03/2018 20:35:43;1;1
12;Male;50;Female;Estonian;2;161_2;161_20002161_67_ch1.wav;28;25;;;;;10;Female;30/03/2018 20:35:43;1;1
17;Male;50;Female;Estonian;2;320_1;320_10001320_277_ch1.wav;28;25;;;;;16;Male;30/03/2018 20:35:43;1;1
11;Male;51;Female;Estonian;2;331_2;331_20002331_1639_ch1.wav;28;24;;;;;14;Female;19/03/2018 22:32:51;0;0
12;Female;51;Female;Estonian;2;333_2;333_20002333_638_ch1.wav;28;24;;;;;16;Female;19/03/2018 22:32:51;0;0
11;Male;51;Female;Estonian;2;328_2;328_20002328_24_ch1.wav;28;24;;;;;14;Female;19/03/2018 22:32:51;0;0
15;Male;51;Female;Estonian;2;294_1;294_10001294_27_ch1.wav;28;24;;;;;14;Male;19/03/2018 22:32:51;0;1
13;Male;51;Female;Estonian;2;263_2;263_20002263_1602_ch1.wav;28;24;;;;;14;Female;19/03/2018 22:32:51;1;0
11;Male;51;Female;Estonian;2;208_2;208_20002208_27_ch1.wav;28;24;;;;;11;Female;19/03/2018 22:32:51;1;1
15;Male;51;Female;Estonian;2;252_1;252_10001252_17_ch1.wav;28;24;;;;;16;Male;19/03/2018 22:32:51;1;1
17;Male;51;Female;Estonian;2;265_1;265_10001265_69_ch1.wav;28;24;;;;;17;Male;19/03/2018 22:32:51;1;1
13;Female;51;Female;Estonian;2;257_2;257_20002257_10_ch1.wav;28;24;;;;;13;Female;19/03/2018 22:32:51;1;1
11;Female;51;Female;Estonian;2;142_2;142_20002142_684_ch1.wav;28;24;;;;;10;Female;19/03/2018 22:32:51;1;1
18;Female;53;Male;Estonian;2;327_2;327_20002327_1620_ch1.wav;27;25;;;;;14;Female;19/03/2018 10:22:41;0;1
16;Male;53;Male;Estonian;2;273_1;273_10001273_93_ch1.wav;27;25;;;;;16;Male;19/03/2018 10:22:41;1;1
13;Male;53;Male;Estonian;2;198_2;198_20002198_10_ch1.wav;27;25;;;;;11;Female;19/03/2018 10:22:41;0;1
16;Male;53;Male;Estonian;2;245_1;245_10001245_14_ch1.wav;27;25;;;;;18;Male;19/03/2018 10:22:41;1;1
14;Female;53;Male;Estonian;2;284_2;284_20002284_773_ch1.wav;27;25;;;;;14;Female;19/03/2018 10:22:41;1;1
16;Male;53;Male;Estonian;2;276_1;276_10001276_1737_ch1.wav;27;25;;;;;15;Male;19/03/2018 10:22:41;1;1
15;Female;53;Male;Estonian;2;306_2;306_20002306_672_ch1.wav;27;25;;;;;13;Female;19/03/2018 10:22:41;0;0
15;Male;53;Male;Estonian;2;282_1;282_10001282_1684_ch1.wav;27;25;;;;;13;Male;19/03/2018 10:22:41;0;0
13;Male;53;Male;Estonian;2;263_2;263_20002263_627_ch1.wav;27;25;;;;;14;Female;19/03/2018 10:22:41;1;0
18;Male;53;Male;Estonian;2;312_1;312_10001312_11_ch1.wav;27;25;;;;;16;Male;19/03/2018 10:22:41;1;1
10;Male;51;Female;Estonian;1;153_2;153_20002153_35_ch1.wav;24;;;;;;10;Female;05/03/2018 10:48:56;1;1
16;Male;51;Female;Estonian;1;320_1;320_10001320_69_ch1.wav;24;;;;;;16;Male;05/03/2018 10:48:56;1;1
17;Male;51;Female;Estonian;1;276_1;276_10001276_112_ch1.wav;24;;;;;;15;Male;05/03/2018 10:48:56;1;1
10;Male;51;Female;Estonian;1;208_2;208_20002208_152_ch1.wav;24;;;;;;11;Female;05/03/2018 10:48:56;1;1
18;Male;51;Female;Estonian;1;295_1;295_10001295_2273_ch1.wav;24;;;;;;16;Male;05/03/2018 10:48:56;1;1
13;Male;51;Female;Estonian;1;327_2;327_20002327_1546_ch1.wav;24;;;;;;14;Female;05/03/2018 10:48:56;1;0
11;Female;51;Female;Estonian;1;257_2;257_20002257_44_ch1.wav;24;;;;;;13;Female;05/03/2018 10:48:56;0;1
15;Male;51;Female;Estonian;1;273_1;273_10001273_270_ch1.wav;24;;;;;;16;Male;05/03/2018 10:48:56;1;1
12;Female;51;Female;Estonian;1;331_2;331_20002331_1433_ch1.wav;24;;;;;;14;Female;05/03/2018 10:48:56;0;0
13;Female;51;Female;Estonian;1;328_2;328_20002328_25_ch1.wav;24;;;;;;14;Female;05/03/2018 10:48:56;1;0
10;Male;52;Male;Estonian;2;212_1;;24;8;;;;;12;Male;04/03/2018 16:43:14;1;1
16;Male;52;Male;Estonian;2;253_1;;24;8;;;;;15;Male;04/03/2018 16:43:14;1;1
10;Male;52;Male;Estonian;2;154_1;;24;8;;;;;10;Male;04/03/2018 16:43:14;1;1
11;Female;52;Male;Estonian;2;333_2;;24;8;;;;;16;Female;04/03/2018 16:43:14;0;0
12;Female;52;Male;Estonian;2;328_2;;24;8;;;;;14;Female;04/03/2018 16:43:14;0;0
15;Female;52;Male;Estonian;2;327_2;;24;8;;;;;14;Female;04/03/2018 16:43:14;0;1
14;Male;52;Male;Estonian;2;290_1;;24;8;;;;;16;Male;04/03/2018 16:43:14;0;1
10;Female;52;Male;Estonian;2;142_2;;24;8;;;;;10;Female;04/03/2018 16:43:14;1;1
16;Male;52;Male;Estonian;2;294_1;;24;8;;;;;14;Male;04/03/2018 16:43:14;0;1
14;Female;52;Male;Estonian;2;284_2;;24;8;;;;;14;Female;04/03/2018 16:43:14;1;1
14;Female;48;Female;Estonian;1;333_2;333_20002333_288_ch1.wav;23;;;;;;16;Female;19/03/2018 21:56:06;0;1
15;Male;48;Female;Estonian;1;320_1;320_10001320_185_ch1.wav;23;;;;;;16;Male;19/03/2018 21:56:06;1;1
18;Male;48;Female;Estonian;1;295_1;295_10001295_2323_ch1.wav;23;;;;;;16;Male;19/03/2018 21:56:06;1;1
16;Female;48;Female;Estonian;1;284_2;284_20002284_79_ch1.wav;23;;;;;;14;Female;19/03/2018 21:56:06;0;1
14;Male;48;Female;Estonian;1;282_1;282_10001282_119_ch1.wav;23;;;;;;13;Male;19/03/2018 21:56:06;1;0
17;Male;48;Female;Estonian;1;252_1;252_10001252_1684_ch1.wav;23;;;;;;16;Male;19/03/2018 21:56:06;1;1
18;Male;48;Female;Estonian;1;265_1;265_10001265_2303_ch1.wav;23;;;;;;17;Male;19/03/2018 21:56:06;1;1
13;Male;48;Female;Estonian;1;154_1;154_10001154_28_ch1.wav;23;;;;;;10;Male;19/03/2018 21:56:06;0;1
10;Male;48;Female;Estonian;1;208_2;208_20002208_828_ch1.wav;23;;;;;;11;Female;19/03/2018 21:56:06;1;1
17;Male;48;Female;Estonian;1;253_1;253_10001253_91_ch1.wav;23;;;;;;15;Male;19/03/2018 21:56:06;1;1
13;Male;55;Female;Estonian;2;320_1;320_10001320_145_ch1.wav;23;29;;;;;16;Male;17/03/2018 12:33:28;0;0
16;Male;55;Female;Estonian;2;295_1;295_10001295_1715_ch1.wav;23;29;;;;;16;Male;17/03/2018 12:33:28;1;1
10;Male;55;Female;Estonian;2;154_1;154_10001154_1906_ch1.wav;23;29;;;;;10;Male;17/03/2018 12:33:28;1;1
10;Female;55;Female;Estonian;2;142_2;142_20002142_1130_ch1.wav;23;29;;;;;10;Female;17/03/2018 12:33:28;1;1
15;Male;55;Female;Estonian;2;253_1;253_10001253_96_ch1.wav;23;29;;;;;15;Male;17/03/2018 12:33:28;1;1
12;Female;55;Female;Estonian;2;306_2;306_20002306_2312_ch1.wav;23;29;;;;;13;Female;17/03/2018 12:33:28;0;1
18;Male;55;Female;Estonian;2;312_1;312_10001312_48_ch1.wav;23;29;;;;;16;Male;17/03/2018 12:33:28;1;1
12;Female;55;Female;Estonian;2;331_2;331_20002331_2056_ch1.wav;23;29;;;;;14;Female;17/03/2018 12:33:28;0;0
10;Male;55;Female;Estonian;2;198_2;198_20002198_789_ch1.wav;23;29;;;;;11;Female;17/03/2018 12:33:28;1;1
12;Female;55;Female;Estonian;2;328_2;328_20002328_162_ch1.wav;23;29;;;;;14;Female;17/03/2018 12:33:28;0;0
16;Female;24;Female;Estonian;1;306_2;306_20002306_1759_ch1.wav;9;;;;;;13;Female;18/03/2018 20:17:47;0;0
18;Male;24;Female;Estonian;1;295_1;295_10001295_1614_ch1.wav;9;;;;;;16;Male;18/03/2018 20:17:47;1;1
16;Female;24;Female;Estonian;1;327_2;327_20002327_1763_ch1.wav;9;;;;;;14;Female;18/03/2018 20:17:47;0;1
17;Male;24;Female;Estonian;1;273_1;273_10001273_93_ch1.wav;9;;;;;;16;Male;18/03/2018 20:17:47;1;1
10;Female;24;Female;Estonian;1;142_2;142_20002142_1129_ch1.wav;9;;;;;;10;Female;18/03/2018 20:17:47;1;1
11;Male;24;Female;Estonian;1;154_1;154_10001154_645_ch1.wav;9;;;;;;10;Male;18/03/2018 20:17:47;1;1
18;Male;24;Female;Estonian;1;245_1;245_10001245_820_ch1.wav;9;;;;;;18;Male;18/03/2018 20:17:47;1;1
10;Male;24;Female;Estonian;1;208_2;208_20002208_99_ch1.wav;9;;;;;;11;Female;18/03/2018 20:17:47;1;1
17;Male;24;Female;Estonian;1;290_1;290_10001290_2097_ch1.wav;9;;;;;;16;Male;18/03/2018 20:17:47;1;1
15;Male;24;Female;Estonian;1;257_2;257_20002257_2154_ch1.wav;9;;;;;;13;Female;18/03/2018 20:17:47;0;0
10;Female;47;Female;Estonian;1;153_2;;8;;;;;;10;Female;04/03/2018 16:26:23;1;1
10;Female;47;Female;Estonian;1;198_2;;8;;;;;;11;Female;04/03/2018 16:26:23;1;1
11;Female;47;Female;Estonian;1;237_2;;8;;;;;;11;Female;04/03/2018 16:26:23;1;1
16;Male;47;Female;Estonian;1;252_1;;8;;;;;;16;Male;04/03/2018 16:26:23;1;1
17;Male;47;Female;Estonian;1;253_1;;8;;;;;;15;Male;04/03/2018 16:26:23;1;1
11;Male;47;Female;Estonian;1;212_1;;8;;;;;;12;Male;04/03/2018 16:26:23;1;1
11;Female;47;Female;Estonian;1;142_2;;8;;;;;;10;Female;04/03/2018 16:26:23;1;1
18;Male;47;Female;Estonian;1;295_1;;8;;;;;;16;Male;04/03/2018 16:26:23;1;1
17;Male;47;Female;Estonian;1;273_1;;8;;;;;;16;Male;04/03/2018 16:26:23;1;1
14;Male;47;Female;Estonian;1;154_1;;8;;;;;;10;Male;04/03/2018 16:26:23;0;0
10;Female;29;Female;Other;1;237_2;237_20002237_2280_ch1.wav;6;;;;;;11;Female;18/03/2018 20:51:56;1;1
15;Female;29;Female;Other;1;328_2;328_20002328_2035_ch1.wav;6;;;;;;14;Female;18/03/2018 20:51:56;0;1
14;Male;29;Female;Other;1;273_1;273_10001273_167_ch1.wav;6;;;;;;16;Male;18/03/2018 20:51:56;0;1
11;Male;29;Female;Other;1;257_2;257_20002257_47_ch1.wav;6;;;;;;13;Female;18/03/2018 20:51:56;0;1
11;Female;29;Female;Other;1;331_2;331_20002331_208_ch1.wav;6;;;;;;14;Female;18/03/2018 20:51:56;0;0
13;Male;29;Female;Other;1;294_1;294_10001294_215_ch1.wav;6;;;;;;14;Male;18/03/2018 20:51:56;1;0
16;Female;29;Female;Other;1;306_2;306_20002306_112_ch1.wav;6;;;;;;13;Female;18/03/2018 20:51:56;0;0
18;Male;29;Female;Other;1;320_1;320_10001320_1769_ch1.wav;6;;;;;;16;Male;18/03/2018 20:51:56;1;1
17;Female;29;Female;Other;1;284_2;284_20002284_10_ch1.wav;6;;;;;;14;Female;18/03/2018 20:51:56;0;1
10;Male;29;Female;Other;1;208_2;208_20002208_1853_ch1.wav;6;;;;;;11;Female;18/03/2018 20:51:56;1;1
10;Male;29;Male;Other;1;154_1;154_10001154_1796_ch1.wav;6;;;;;;10;Male;18/03/2018 20:53:15;1;1
11;Female;29;Male;Other;1;258_2;258_20002258_26_ch1.wav;6;;;;;;13;Female;18/03/2018 20:53:15;0;1
14;Male;29;Male;Other;1;273_1;273_10001273_2017_ch1.wav;6;;;;;;16;Male;18/03/2018 20:53:15;0;1
13;Female;29;Male;Other;1;259_2;259_20002259_184_ch1.wav;6;;;;;;14;Female;18/03/2018 20:53:15;1;0
12;Male;29;Male;Other;1;282_1;282_10001282_51_ch1.wav;6;;;;;;13;Male;18/03/2018 20:53:15;0;1
16;Male;29;Male;Other;1;295_1;295_10001295_697_ch1.wav;6;;;;;;16;Male;18/03/2018 20:53:15;1;1
12;Female;29;Male;Other;1;328_2;328_20002328_20_ch1.wav;6;;;;;;14;Female;18/03/2018 20:53:15;0;0
13;Male;29;Male;Other;1;294_1;294_10001294_692_ch1.wav;6;;;;;;14;Male;18/03/2018 20:53:15;1;0
12;Female;29;Male;Other;1;284_2;284_20002284_1984_ch1.wav;6;;;;;;14;Female;18/03/2018 20:53:15;0;0
15;Female;29;Male;Other;1;306_2;306_20002306_38_ch1.wav;6;;;;;;13;Female;18/03/2018 20:53:15;0;0
16;Female;41;Male;Estonian;1;263_2;;3;;;;;;14;Female;01/03/2018 09:37:55;0;1
10;Male;41;Male;Estonian;1;306_2;;3;;;;;;13;Female;01/03/2018 09:37:55;0;1
10;Female;41;Male;Estonian;1;257_2;;3;;;;;;13;Female;01/03/2018 09:37:55;0;1
14;Male;41;Male;Estonian;1;320_1;;3;;;;;;16;Male;01/03/2018 09:37:55;0;1
11;Female;41;Male;Estonian;1;284_2;;3;;;;;;14;Female;01/03/2018 09:37:55;0;0
14;Male;41;Male;Estonian;1;154_1;;3;;;;;;10;Male;01/03/2018 09:37:55;0;0
14;Female;41;Male;Estonian;1;331_2;;3;;;;;;14;Female;01/03/2018 09:37:55;1;1
10;Female;41;Male;Estonian;1;198_2;;3;;;;;;11;Female;01/03/2018 09:37:55;1;1
16;Female;41;Male;Estonian;1;327_2;;3;;;;;;14;Female;01/03/2018 09:37:55;0;1
12;Male;41;Male;Estonian;1;212_1;;3;;;;;;12;Male;01/03/2018 09:37:55;1;1
17;Male;21;Male;Estonian;0;245_1;245_10001245_640_ch1.wav;;;;;;;18;Male;18/03/2018 21:42:55;1;1
10;Male;21;Male;Estonian;0;258_2;258_20002258_94_ch1.wav;;;;;;;13;Female;18/03/2018 21:42:55;0;1
15;Female;21;Male;Estonian;0;306_2;306_20002306_2015_ch1.wav;;;;;;;13;Female;18/03/2018 21:42:55;0;0
16;Female;21;Male;Estonian;0;333_2;333_20002333_1647_ch1.wav;;;;;;;16;Female;18/03/2018 21:42:55;1;1
13;Male;21;Male;Estonian;0;282_1;282_10001282_652_ch1.wav;;;;;;;13;Male;18/03/2018 21:42:55;1;1
18;Male;21;Male;Estonian;0;252_1;252_10001252_45_ch1.wav;;;;;;;16;Male;18/03/2018 21:42:55;1;1
17;Male;21;Male;Estonian;0;290_1;290_10001290_2097_ch1.wav;;;;;;;16;Male;18/03/2018 21:42:55;1;1
14;Male;21;Male;Estonian;0;154_1;154_10001154_2214_ch1.wav;;;;;;;10;Male;18/03/2018 21:42:55;0;0
18;Male;21;Male;Estonian;0;295_1;295_10001295_1613_ch1.wav;;;;;;;16;Male;18/03/2018 21:42:55;1;1
10;Female;21;Male;Estonian;0;237_2;237_20002237_1941_ch1.wav;;;;;;;11;Female;18/03/2018 21:42:55;1;1
12;Female;21;Female;Estonian;0;284_2;284_20002284_2085_ch1.wav;;;;;;;14;Female;18/03/2018 22:28:58;0;0
18;Male;21;Female;Estonian;0;245_1;245_10001245_669_ch1.wav;;;;;;;18;Male;18/03/2018 22:28:58;1;1
10;Female;21;Female;Estonian;0;142_2;142_20002142_1129_ch1.wav;;;;;;;10;Female;18/03/2018 22:28:58;1;1
13;Female;21;Female;Estonian;0;306_2;306_20002306_38_ch1.wav;;;;;;;13;Female;18/03/2018 22:28:58;1;1
13;Male;21;Female;Estonian;0;154_1;154_10001154_205_ch1.wav;;;;;;;10;Male;18/03/2018 22:28:58;0;1
18;Male;21;Female;Estonian;0;253_1;253_10001253_36_ch1.wav;;;;;;;15;Male;18/03/2018 22:28:58;1;1
11;Female;21;Female;Estonian;0;161_2;161_20002161_59_ch1.wav;;;;;;;10;Female;18/03/2018 22:28:58;1;1
10;Male;21;Female;Estonian;0;198_2;198_20002198_183_ch1.wav;;;;;;;11;Female;18/03/2018 22:28:58;1;1
16;Male;21;Female;Estonian;0;276_1;276_10001276_12_ch1.wav;;;;;;;15;Male;18/03/2018 22:28:58;1;1
18;Male;21;Female;Estonian;0;265_1;265_10001265_1462_ch1.wav;;;;;;;17;Male;18/03/2018 22:28:58;1;1
16;Male;22;Male;Estonian;0;294_1;294_10001294_27_ch1.wav;;;;;;;14;Male;17/03/2018 12:37:44;0;1
13;Female;22;Male;Estonian;0;333_2;333_20002333_34_ch1.wav;;;;;;;16;Female;17/03/2018 12:37:44;0;0
12;Female;22;Male;Estonian;0;331_2;331_20002331_23_ch1.wav;;;;;;;14;Female;17/03/2018 12:37:44;0;0
10;Female;22;Male;Estonian;0;161_2;161_20002161_10_ch1.wav;;;;;;;10;Female;17/03/2018 12:37:44;1;1
18;Male;22;Male;Estonian;0;295_1;295_10001295_68_ch1.wav;;;;;;;16;Male;17/03/2018 12:37:44;1;1
17;Female;22;Male;Estonian;0;263_2;263_20002263_38_ch1.wav;;;;;;;14;Female;17/03/2018 12:37:44;0;1
15;Male;22;Male;Estonian;0;276_1;276_10001276_642_ch1.wav;;;;;;;15;Male;17/03/2018 12:37:44;1;1
13;Female;22;Male;Estonian;0;257_2;257_20002257_284_ch1.wav;;;;;;;13;Female;17/03/2018 12:37:44;1;1
14;Male;22;Male;Estonian;0;253_1;253_10001253_2265_ch1.wav;;;;;;;15;Male;17/03/2018 12:37:44;0;1
12;Female;22;Male;Estonian;0;259_2;259_20002259_146_ch1.wav;;;;;;;14;Female;17/03/2018 12:37:44;0;0
15;Female;22;Female;Estonian;0;259_2;259_20002259_282_ch1.wav;;;;;;;14;Female;19/03/2018 08:34:50;0;1
17;Male;22;Female;Estonian;0;290_1;290_10001290_33_ch1.wav;;;;;;;16;Male;19/03/2018 08:34:50;1;1
11;Female;22;Female;Estonian;0;161_2;161_20002161_65_ch1.wav;;;;;;;10;Female;19/03/2018 08:34:50;1;1
16;Male;22;Female;Estonian;0;276_1;276_10001276_143_ch1.wav;;;;;;;15;Male;19/03/2018 08:34:50;1;1
12;Female;22;Female;Estonian;0;142_2;142_20002142_159_ch1.wav;;;;;;;10;Female;19/03/2018 08:34:50;1;1
10;Female;22;Female;Estonian;0;153_2;153_20002153_1766_ch1.wav;;;;;;;10;Female;19/03/2018 08:34:50;1;1
18;Male;22;Female;Estonian;0;245_1;245_10001245_296_ch1.wav;;;;;;;18;Male;19/03/2018 08:34:50;1;1
17;Female;22;Female;Estonian;0;263_2;263_20002263_1602_ch1.wav;;;;;;;14;Female;19/03/2018 08:34:50;0;1
14;Male;22;Female;Estonian;0;212_1;212_10001212_1757_ch1.wav;;;;;;;12;Male;19/03/2018 08:34:50;0;0
12;Female;22;Female;Estonian;0;198_2;198_20002198_92_ch1.wav;;;;;;;11;Female;19/03/2018 08:34:50;1;1
16;Male;23;Female;Estonian;0;252_1;252_10001252_49_ch1.wav;;;;;;;16;Male;17/03/2018 12:06:00;1;1
10;Male;23;Female;Estonian;0;258_2;258_20002258_1708_ch1.wav;;;;;;;13;Female;17/03/2018 12:06:00;0;1
15;Male;23;Female;Estonian;0;320_1;320_10001320_73_ch1.wav;;;;;;;16;Male;17/03/2018 12:06:00;1;1
18;Male;23;Female;Estonian;0;290_1;290_10001290_72_ch1.wav;;;;;;;16;Male;17/03/2018 12:06:00;1;1
13;Female;23;Female;Estonian;0;257_2;257_20002257_1757_ch1.wav;;;;;;;13;Female;17/03/2018 12:06:00;1;1
14;Female;23;Female;Estonian;0;153_2;153_20002153_729_ch1.wav;;;;;;;10;Female;17/03/2018 12:06:00;0;0
17;Male;23;Female;Estonian;0;253_1;253_10001253_288_ch1.wav;;;;;;;15;Male;17/03/2018 12:06:00;1;1
16;Female;23;Female;Estonian;0;259_2;259_20002259_1710_ch1.wav;;;;;;;14;Female;17/03/2018 12:06:00;0;1
10;Female;23;Female;Estonian;0;198_2;198_20002198_25_ch1.wav;;;;;;;11;Female;17/03/2018 12:06:00;1;1
15;Male;23;Female;Estonian;0;276_1;276_10001276_65_ch1.wav;;;;;;;15;Male;17/03/2018 12:06:00;1;1
14;Female;23;Female;Estonian;0;306_2;306_20002306_464_ch1.wav;;;;;;;13;Female;17/03/2018 12:21:12;1;0
17;Male;23;Female;Estonian;0;265_1;265_10001265_654_ch1.wav;;;;;;;17;Male;17/03/2018 12:21:12;1;1
11;Male;23;Female;Estonian;0;258_2;258_20002258_89_ch1.wav;;;;;;;13;Female;17/03/2018 12:21:12;0;1
12;Female;23;Female;Estonian;0;161_2;161_20002161_197_ch1.wav;;;;;;;10;Female;17/03/2018 12:21:12;1;1
16;Male;23;Female;Estonian;0;245_1;245_10001245_2143_ch1.wav;;;;;;;18;Male;17/03/2018 12:21:12;1;1
17;Male;23;Female;Estonian;0;273_1;273_10001273_99_ch1.wav;;;;;;;16;Male;17/03/2018 12:21:12;1;1
15;Female;23;Female;Estonian;0;333_2;333_20002333_39_ch1.wav;;;;;;;16;Female;17/03/2018 12:21:12;1;1
17;Female;23;Female;Estonian;0;263_2;263_20002263_2205_ch1.wav;;;;;;;14;Female;17/03/2018 12:21:12;0;1
16;Female;23;Female;Estonian;0;328_2;328_20002328_1758_ch1.wav;;;;;;;14;Female;17/03/2018 12:21:12;0;1
11;Male;23;Female;Estonian;0;142_2;142_20002142_49_ch1.wav;;;;;;;10;Female;17/03/2018 12:21:12;1;1
16;Male;23;Male;Estonian;0;312_1;312_10001312_14_ch1.wav;;;;;;;16;Male;17/03/2018 18:18:39;1;1
18;Male;23;Male;Estonian;0;265_1;265_10001265_697_ch1.wav;;;;;;;17;Male;17/03/2018 18:18:39;1;1
10;Female;23;Male;Estonian;0;258_2;258_20002258_667_ch1.wav;;;;;;;13;Female;17/03/2018 18:18:39;0;1
12;Male;23;Male;Estonian;0;212_1;212_10001212_15_ch1.wav;;;;;;;12;Male;17/03/2018 18:18:39;1;1
10;Male;23;Male;Estonian;0;153_2;153_20002153_1463_ch1.wav;;;;;;;10;Female;17/03/2018 18:18:39;1;1
17;Female;23;Male;Estonian;0;257_2;257_20002257_138_ch1.wav;;;;;;;13;Female;17/03/2018 18:18:39;0;0
14;Male;23;Male;Estonian;0;320_1;320_10001320_2157_ch1.wav;;;;;;;16;Male;17/03/2018 18:18:39;0;1
16;Female;23;Male;Estonian;0;259_2;259_20002259_645_ch1.wav;;;;;;;14;Female;17/03/2018 18:18:39;0;1
10;Male;23;Male;Estonian;0;142_2;142_20002142_227_ch1.wav;;;;;;;10;Female;17/03/2018 18:18:39;1;1
18;Male;23;Male;Estonian;0;253_1;253_10001253_95_ch1.wav;;;;;;;15;Male;17/03/2018 18:18:39;1;1
14;Male;23;Female;Estonian;0;320_1;320_10001320_10_ch1.wav;;;;;;;16;Male;18/03/2018 20:39:46;0;1
13;Female;23;Female;Estonian;0;259_2;259_20002259_10_ch1.wav;;;;;;;14;Female;18/03/2018 20:39:46;1;0
11;Female;23;Female;Estonian;0;237_2;237_20002237_632_ch1.wav;;;;;;;11;Female;18/03/2018 20:39:46;1;1
16;Male;23;Female;Estonian;0;245_1;245_10001245_1655_ch1.wav;;;;;;;18;Male;18/03/2018 20:39:46;1;1
16;Male;23;Female;Estonian;0;252_1;252_10001252_44_ch1.wav;;;;;;;16;Male;18/03/2018 20:39:46;1;1
12;Male;23;Female;Estonian;0;282_1;282_10001282_133_ch1.wav;;;;;;;13;Male;18/03/2018 20:39:46;0;1
14;Female;23;Female;Estonian;0;331_2;331_20002331_20_ch1.wav;;;;;;;14;Female;18/03/2018 20:39:46;1;1
10;Female;23;Female;Estonian;0;142_2;142_20002142_13_ch1.wav;;;;;;;10;Female;18/03/2018 20:39:46;1;1
10;Male;23;Female;Estonian;0;208_2;208_20002208_20_ch1.wav;;;;;;;11;Female;18/03/2018 20:39:46;1;1
16;Male;23;Female;Estonian;0;290_1;290_10001290_1997_ch1.wav;;;;;;;16;Male;18/03/2018 20:39:46;1;1
12;Male;24;Male;Estonian;0;208_2;208_20002208_21_ch1.wav;;;;;;;11;Female;05/03/2018 15:34:34;1;1
12;Female;24;Male;Estonian;0;153_2;153_20002153_167_ch1.wav;;;;;;;10;Female;05/03/2018 15:34:34;1;1
17;Male;24;Male;Estonian;0;320_1;320_10001320_2090_ch1.wav;;;;;;;16;Male;05/03/2018 15:34:34;1;1
16;Female;24;Male;Estonian;0;306_2;306_20002306_1657_ch1.wav;;;;;;;13;Female;05/03/2018 15:34:34;0;0
12;Female;24;Male;Estonian;0;333_2;333_20002333_147_ch1.wav;;;;;;;16;Female;05/03/2018 15:34:34;0;0
18;Male;24;Male;Estonian;0;295_1;295_10001295_1762_ch1.wav;;;;;;;16;Male;05/03/2018 15:34:34;1;1
16;Female;24;Male;Estonian;0;284_2;284_20002284_81_ch1.wav;;;;;;;14;Female;05/03/2018 15:34:34;0;1
10;Female;24;Male;Estonian;0;258_2;258_20002258_1576_ch1.wav;;;;;;;13;Female;05/03/2018 15:34:34;0;1
16;Female;24;Male;Estonian;0;263_2;263_20002263_89_ch1.wav;;;;;;;14;Female;05/03/2018 15:34:34;0;1
13;Male;24;Male;Estonian;0;282_1;282_10001282_17_ch1.wav;;;;;;;13;Male;05/03/2018 15:34:34;1;1
12;Male;24;Male;Estonian;0;154_1;154_10001154_1739_ch1.wav;;;;;;;10;Male;05/03/2018 17:29:58;1;1
16;Male;24;Male;Estonian;0;276_1;276_10001276_202_ch1.wav;;;;;;;15;Male;05/03/2018 17:29:58;1;1
18;Female;24;Male;Estonian;0;263_2;263_20002263_38_ch1.wav;;;;;;;14;Female;05/03/2018 17:29:58;0;1
18;Male;24;Male;Estonian;0;252_1;252_10001252_47_ch1.wav;;;;;;;16;Male;05/03/2018 17:29:58;1;1
14;Female;24;Male;Estonian;0;306_2;306_20002306_740_ch1.wav;;;;;;;13;Female;05/03/2018 17:29:58;1;0
10;Female;24;Male;Estonian;0;161_2;161_20002161_20_ch1.wav;;;;;;;10;Female;05/03/2018 17:29:58;1;1
18;Male;24;Male;Estonian;0;295_1;295_10001295_1439_ch1.wav;;;;;;;16;Male;05/03/2018 17:29:58;1;1
16;Female;24;Male;Estonian;0;259_2;259_20002259_282_ch1.wav;;;;;;;14;Female;05/03/2018 17:29:58;0;1
14;Female;24;Male;Estonian;0;328_2;328_20002328_1625_ch1.wav;;;;;;;14;Female;05/03/2018 17:29:58;1;1
15;Female;24;Male;Estonian;0;331_2;331_20002331_1435_ch1.wav;;;;;;;14;Female;05/03/2018 17:29:58;0;1
12;Male;24;Male;Estonian;0;284_2;284_20002284_2045_ch1.wav;;;;;;;14;Female;05/03/2018 17:38:33;0;0
16;Male;24;Male;Estonian;0;294_1;294_10001294_78_ch1.wav;;;;;;;14;Male;05/03/2018 17:38:33;0;1
13;Female;24;Male;Estonian;0;328_2;328_20002328_90_ch1.wav;;;;;;;14;Female;05/03/2018 17:38:33;1;0
17;Male;24;Male;Estonian;0;290_1;290_10001290_1769_ch1.wav;;;;;;;16;Male;05/03/2018 17:38:33;1;1
15;Male;24;Male;Estonian;0;273_1;273_10001273_729_ch1.wav;;;;;;;16;Male;05/03/2018 17:38:33;1;1
12;Female;24;Male;Estonian;0;258_2;258_20002258_2039_ch1.wav;;;;;;;13;Female;05/03/2018 17:38:33;0;1
10;Male;24;Male;Estonian;0;142_2;142_20002142_2067_ch1.wav;;;;;;;10;Female;05/03/2018 17:38:33;1;1
12;Male;24;Male;Estonian;0;282_1;282_10001282_652_ch1.wav;;;;;;;13;Male;05/03/2018 17:38:33;0;1
11;Male;24;Male;Estonian;0;212_1;212_10001212_2306_ch1.wav;;;;;;;12;Male;05/03/2018 17:38:33;1;1
12;Male;24;Male;Estonian;0;257_2;257_20002257_42_ch1.wav;;;;;;;13;Female;05/03/2018 17:38:33;0;1
15;Male;24;Female;Estonian;0;265_1;265_10001265_214_ch1.wav;;;;;;;17;Male;05/03/2018 20:14:13;1;1
18;Male;24;Female;Estonian;0;245_1;245_10001245_1974_ch1.wav;;;;;;;18;Male;05/03/2018 20:14:13;1;1
11;Female;24;Female;Estonian;0;161_2;161_20002161_814_ch1.wav;;;;;;;10;Female;05/03/2018 20:14:13;1;1
10;Male;24;Female;Estonian;0;328_2;328_20002328_707_ch1.wav;;;;;;;14;Female;05/03/2018 20:14:13;0;0
13;Male;24;Female;Estonian;0;282_1;282_10001282_652_ch1.wav;;;;;;;13;Male;05/03/2018 20:14:13;1;1
18;Male;24;Female;Estonian;0;290_1;290_10001290_1543_ch1.wav;;;;;;;16;Male;05/03/2018 20:14:13;1;1
13;Female;24;Female;Estonian;0;208_2;208_20002208_1624_ch1.wav;;;;;;;11;Female;05/03/2018 20:14:13;0;1
11;Male;24;Female;Estonian;0;258_2;258_20002258_97_ch1.wav;;;;;;;13;Female;05/03/2018 20:14:13;0;1
14;Female;24;Female;Estonian;0;327_2;327_20002327_153_ch1.wav;;;;;;;14;Female;05/03/2018 20:14:13;1;1
15;Male;24;Female;Estonian;0;276_1;276_10001276_40_ch1.wav;;;;;;;15;Male;05/03/2018 20:14:13;1;1
10;Female;24;Female;Estonian;0;142_2;142_20002142_130_ch1.wav;;;;;;;10;Female;05/03/2018 20:11:49;1;1
11;Male;24;Female;Estonian;0;208_2;208_20002208_651_ch1.wav;;;;;;;11;Female;05/03/2018 20:11:49;1;1
12;Male;24;Female;Estonian;0;257_2;257_20002257_1702_ch1.wav;;;;;;;13;Female;05/03/2018 20:11:49;0;1
11;Female;24;Female;Estonian;0;237_2;237_20002237_704_ch1.wav;;;;;;;11;Female;05/03/2018 20:11:49;1;1
18;Male;24;Female;Estonian;0;312_1;312_10001312_45_ch1.wav;;;;;;;16;Male;05/03/2018 20:11:49;1;1
15;Male;24;Female;Estonian;0;294_1;294_10001294_2199_ch1.wav;;;;;;;14;Male;05/03/2018 20:11:49;0;1
16;Male;24;Female;Estonian;0;245_1;245_10001245_141_ch1.wav;;;;;;;18;Male;05/03/2018 20:11:49;1;1
13;Male;24;Female;Estonian;0;212_1;212_10001212_46_ch1.wav;;;;;;;12;Male;05/03/2018 20:11:49;0;1
14;Female;24;Female;Estonian;0;153_2;153_20002153_109_ch1.wav;;;;;;;10;Female;05/03/2018 20:11:49;0;0
10;Female;24;Female;Estonian;0;161_2;161_20002161_31_ch1.wav;;;;;;;10;Female;05/03/2018 20:11:49;1;1
10;Male;24;Female;Estonian;0;257_2;257_20002257_808_ch1.wav;;;;;;;13;Female;05/03/2018 21:34:10;0;1
12;Male;24;Female;Estonian;0;327_2;327_20002327_2105_ch1.wav;;;;;;;14;Female;05/03/2018 21:34:10;0;0
10;Female;24;Female;Estonian;0;198_2;198_20002198_1831_ch1.wav;;;;;;;11;Female;05/03/2018 21:34:10;1;1
15;Male;24;Female;Estonian;0;276_1;276_10001276_143_ch1.wav;;;;;;;15;Male;05/03/2018 21:34:10;1;1
16;Female;24;Female;Estonian;0;263_2;263_20002263_260_ch1.wav;;;;;;;14;Female;05/03/2018 21:34:10;0;1
17;Male;24;Female;Estonian;0;320_1;320_10001320_58_ch1.wav;;;;;;;16;Male;05/03/2018 21:34:10;1;1
18;Male;24;Female;Estonian;0;295_1;295_10001295_20_ch1.wav;;;;;;;16;Male;05/03/2018 21:34:10;1;1
10;Female;24;Female;Estonian;0;142_2;142_20002142_52_ch1.wav;;;;;;;10;Female;05/03/2018 21:34:10;1;1
15;Male;24;Female;Estonian;0;273_1;273_10001273_90_ch1.wav;;;;;;;16;Male;05/03/2018 21:34:10;1;1
12;Female;24;Female;Estonian;0;306_2;306_20002306_819_ch1.wav;;;;;;;13;Female;05/03/2018 21:34:10;0;1
16;Male;24;Female;Estonian;0;290_1;290_10001290_267_ch1.wav;;;;;;;16;Male;06/03/2018 05:24:55;1;1
18;Male;24;Female;Estonian;0;295_1;295_10001295_1769_ch1.wav;;;;;;;16;Male;06/03/2018 05:24:55;1;1
12;Female;24;Female;Estonian;0;284_2;284_20002284_772_ch1.wav;;;;;;;14;Female;06/03/2018 05:24:55;0;0
14;Female;24;Female;Estonian;0;327_2;327_20002327_1746_ch1.wav;;;;;;;14;Female;06/03/2018 05:24:55;1;1
16;Female;24;Female;Estonian;0;257_2;257_20002257_274_ch1.wav;;;;;;;13;Female;06/03/2018 05:24:55;0;0
17;Male;24;Female;Estonian;0;294_1;294_10001294_23_ch1.wav;;;;;;;14;Male;06/03/2018 05:24:55;0;1
10;Male;24;Female;Estonian;0;258_2;258_20002258_99_ch1.wav;;;;;;;13;Female;06/03/2018 05:24:55;0;1
10;Male;24;Female;Estonian;0;198_2;198_20002198_125_ch1.wav;;;;;;;11;Female;06/03/2018 05:24:55;1;1
16;Male;24;Female;Estonian;0;273_1;273_10001273_727_ch1.wav;;;;;;;16;Male;06/03/2018 05:24:55;1;1
13;Male;24;Female;Estonian;0;263_2;263_20002263_685_ch1.wav;;;;;;;14;Female;06/03/2018 05:24:55;1;0
15;Male;24;Male;Estonian;0;320_1;320_10001320_805_ch1.wav;;;;;;;16;Male;06/03/2018 13:54:50;1;1
12;Female;24;Male;Estonian;0;198_2;198_20002198_245_ch1.wav;;;;;;;11;Female;06/03/2018 13:54:50;1;1
13;Female;24;Male;Estonian;0;328_2;328_20002328_95_ch1.wav;;;;;;;14;Female;06/03/2018 13:54:50;1;0
16;Female;24;Male;Estonian;0;333_2;333_20002333_728_ch1.wav;;;;;;;16;Female;06/03/2018 13:54:50;1;1
16;Male;24;Male;Estonian;0;295_1;295_10001295_73_ch1.wav;;;;;;;16;Male;06/03/2018 13:54:50;1;1
17;Male;24;Male;Estonian;0;290_1;290_10001290_267_ch1.wav;;;;;;;16;Male;06/03/2018 13:54:50;1;1
12;Female;24;Male;Estonian;0;161_2;161_20002161_30_ch1.wav;;;;;;;10;Female;06/03/2018 13:54:50;1;1
13;Female;24;Male;Estonian;0;263_2;263_20002263_1604_ch1.wav;;;;;;;14;Female;06/03/2018 13:54:50;1;0
12;Female;24;Male;Estonian;0;259_2;259_20002259_79_ch1.wav;;;;;;;14;Female;06/03/2018 13:54:50;0;0
11;Male;24;Male;Estonian;0;212_1;212_10001212_1641_ch1.wav;;;;;;;12;Male;06/03/2018 13:54:50;1;1
18;Male;24;Female;Estonian;0;312_1;312_10001312_1974_ch1.wav;;;;;;;16;Male;17/03/2018 12:16:22;1;1
11;Male;24;Female;Estonian;0;212_1;212_10001212_1547_ch1.wav;;;;;;;12;Male;17/03/2018 12:16:22;1;1
10;Male;24;Female;Estonian;0;331_2;331_20002331_60_ch1.wav;;;;;;;14;Female;17/03/2018 12:16:22;0;0
16;Female;24;Female;Estonian;0;328_2;328_20002328_10_ch1.wav;;;;;;;14;Female;17/03/2018 12:16:22;0;1
14;Female;24;Female;Estonian;0;273_1;273_10001273_206_ch1.wav;;;;;;;16;Male;17/03/2018 12:16:22;0;1
12;Female;24;Female;Estonian;0;333_2;333_20002333_822_ch1.wav;;;;;;;16;Female;17/03/2018 12:16:22;0;0
10;Male;24;Female;Estonian;0;142_2;142_20002142_1757_ch1.wav;;;;;;;10;Female;17/03/2018 12:16:22;1;1
11;Male;24;Female;Estonian;0;198_2;198_20002198_1931_ch1.wav;;;;;;;11;Female;17/03/2018 12:16:22;1;1
17;Male;24;Female;Estonian;0;295_1;295_10001295_70_ch1.wav;;;;;;;16;Male;17/03/2018 12:16:22;1;1
15;Male;24;Female;Estonian;0;290_1;290_10001290_798_ch1.wav;;;;;;;16;Male;17/03/2018 12:16:22;1;1
17;Male;24;Female;Estonian;0;276_1;276_10001276_10_ch1.wav;;;;;;;15;Male;17/03/2018 12:17:30;1;1
18;Male;24;Female;Estonian;0;295_1;295_10001295_56_ch1.wav;;;;;;;16;Male;17/03/2018 12:17:30;1;1
16;Male;24;Female;Estonian;0;312_1;312_10001312_1492_ch1.wav;;;;;;;16;Male;17/03/2018 12:17:30;1;1
14;Female;24;Female;Estonian;0;257_2;257_20002257_1437_ch1.wav;;;;;;;13;Female;17/03/2018 12:17:30;1;0
10;Female;24;Female;Estonian;0;258_2;258_20002258_807_ch1.wav;;;;;;;13;Female;17/03/2018 12:17:30;0;1
12;Male;24;Female;Estonian;0;327_2;327_20002327_2290_ch1.wav;;;;;;;14;Female;17/03/2018 12:17:30;0;0
11;Female;24;Female;Estonian;0;198_2;198_20002198_1561_ch1.wav;;;;;;;11;Female;17/03/2018 12:17:30;1;1
10;Male;24;Female;Estonian;0;208_2;208_20002208_134_ch1.wav;;;;;;;11;Female;17/03/2018 12:17:30;1;1
17;Male;24;Female;Estonian;0;245_1;245_10001245_1517_ch1.wav;;;;;;;18;Male;17/03/2018 12:17:30;1;1
13;Female;24;Female;Estonian;0;153_2;153_20002153_1648_ch1.wav;;;;;;;10;Female;17/03/2018 12:17:30;0;1
13;Female;24;Male;Estonian;0;284_2;284_20002284_151_ch1.wav;;;;;;;14;Female;17/03/2018 13:02:31;1;0
16;Male;24;Male;Estonian;0;245_1;245_10001245_74_ch1.wav;;;;;;;18;Male;17/03/2018 13:02:31;1;1
17;Male;24;Male;Estonian;0;252_1;252_10001252_269_ch1.wav;;;;;;;16;Male;17/03/2018 13:02:31;1;1
12;Male;24;Male;Estonian;0;328_2;328_20002328_2035_ch1.wav;;;;;;;14;Female;17/03/2018 13:02:31;0;0
15;Male;24;Male;Estonian;0;276_1;276_10001276_65_ch1.wav;;;;;;;15;Male;17/03/2018 13:02:31;1;1
15;Male;24;Male;Estonian;0;273_1;273_10001273_1648_ch1.wav;;;;;;;16;Male;17/03/2018 13:02:31;1;1
16;Male;24;Male;Estonian;0;290_1;290_10001290_32_ch1.wav;;;;;;;16;Male;17/03/2018 13:02:31;1;1
11;Female;24;Male;Estonian;0;161_2;161_20002161_63_ch1.wav;;;;;;;10;Female;17/03/2018 13:02:31;1;1
12;Female;24;Male;Estonian;0;142_2;142_20002142_2172_ch1.wav;;;;;;;10;Female;17/03/2018 13:02:31;1;1
11;Male;24;Male;Estonian;0;282_1;282_10001282_19_ch1.wav;;;;;;;13;Male;17/03/2018 13:02:31;0;1
16;Male;24;Female;Estonian;0;253_1;253_10001253_768_ch1.wav;;;;;;;15;Male;17/03/2018 13:08:52;1;1
18;Male;24;Female;Estonian;0;295_1;295_10001295_1614_ch1.wav;;;;;;;16;Male;17/03/2018 13:08:52;1;1
14;Female;24;Female;Estonian;0;331_2;331_20002331_25_ch1.wav;;;;;;;14;Female;17/03/2018 13:08:52;1;1
16;Female;24;Female;Estonian;0;327_2;327_20002327_2240_ch1.wav;;;;;;;14;Female;17/03/2018 13:08:52;0;1
12;Female;24;Female;Estonian;0;257_2;257_20002257_2311_ch1.wav;;;;;;;13;Female;17/03/2018 13:08:52;0;1
12;Female;24;Female;Estonian;0;284_2;284_20002284_663_ch1.wav;;;;;;;14;Female;17/03/2018 13:08:52;0;0
15;Male;24;Female;Estonian;0;245_1;245_10001245_70_ch1.wav;;;;;;;18;Male;17/03/2018 13:08:52;1;1
14;Female;24;Female;Estonian;0;328_2;328_20002328_680_ch1.wav;;;;;;;14;Female;17/03/2018 13:08:52;1;1
17;Male;24;Female;Estonian;0;265_1;265_10001265_1715_ch1.wav;;;;;;;17;Male;17/03/2018 13:08:52;1;1
13;Female;24;Female;Estonian;0;306_2;306_20002306_1659_ch1.wav;;;;;;;13;Female;17/03/2018 13:08:52;1;1
17;Male;24;Male;Estonian;0;253_1;253_10001253_1539_ch1.wav;;;;;;;15;Male;17/03/2018 17:22:49;1;1
12;Male;24;Male;Estonian;0;212_1;212_10001212_724_ch1.wav;;;;;;;12;Male;17/03/2018 17:22:49;1;1
13;Female;24;Male;Estonian;0;284_2;284_20002284_774_ch1.wav;;;;;;;14;Female;17/03/2018 17:22:49;1;0
15;Male;24;Male;Estonian;0;290_1;290_10001290_75_ch1.wav;;;;;;;16;Male;17/03/2018 17:22:49;1;1
15;Male;24;Male;Estonian;0;252_1;252_10001252_1681_ch1.wav;;;;;;;16;Male;17/03/2018 17:22:49;1;1
10;Male;24;Male;Estonian;0;153_2;153_20002153_33_ch1.wav;;;;;;;10;Female;17/03/2018 17:22:49;1;1
15;Male;24;Male;Estonian;0;273_1;273_10001273_288_ch1.wav;;;;;;;16;Male;17/03/2018 17:22:49;1;1
10;Female;24;Male;Estonian;0;258_2;258_20002258_27_ch1.wav;;;;;;;13;Female;17/03/2018 17:22:49;0;1
17;Male;24;Male;Estonian;0;312_1;312_10001312_177_ch1.wav;;;;;;;16;Male;17/03/2018 17:22:49;1;1
14;Female;24;Male;Estonian;0;257_2;257_20002257_17_ch1.wav;;;;;;;13;Female;17/03/2018 17:22:49;1;0
14;Male;24;Female;Estonian;0;284_2;284_20002284_28_ch1.wav;;;;;;;14;Female;17/03/2018 21:00:16;1;1
15;Male;24;Female;Estonian;0;259_2;259_20002259_1712_ch1.wav;;;;;;;14;Female;17/03/2018 21:00:16;0;1
18;Male;24;Female;Estonian;0;265_1;265_10001265_173_ch1.wav;;;;;;;17;Male;17/03/2018 21:00:16;1;1
10;Male;24;Female;Estonian;0;258_2;258_20002258_788_ch1.wav;;;;;;;13;Female;17/03/2018 21:00:16;0;1
12;Male;24;Female;Estonian;0;153_2;153_20002153_89_ch1.wav;;;;;;;10;Female;17/03/2018 21:00:16;1;1
13;Male;24;Female;Estonian;0;212_1;212_10001212_207_ch1.wav;;;;;;;12;Male;17/03/2018 21:00:16;0;1
17;Male;24;Female;Estonian;0;273_1;273_10001273_2018_ch1.wav;;;;;;;16;Male;17/03/2018 21:00:16;1;1
18;Male;24;Female;Estonian;0;295_1;295_10001295_1439_ch1.wav;;;;;;;16;Male;17/03/2018 21:00:16;1;1
11;Female;24;Female;Estonian;0;198_2;198_20002198_100_ch1.wav;;;;;;;11;Female;17/03/2018 21:00:16;1;1
17;Male;24;Female;Estonian;0;253_1;253_10001253_1753_ch1.wav;;;;;;;15;Male;17/03/2018 21:00:16;1;1
14;Male;24;Male;Estonian;0;312_1;312_10001312_11_ch1.wav;;;;;;;16;Male;18/03/2018 20:37:21;0;1
16;Male;24;Male;Estonian;0;320_1;320_10001320_669_ch1.wav;;;;;;;16;Male;18/03/2018 20:37:21;1;1
15;Male;24;Male;Estonian;0;265_1;265_10001265_1462_ch1.wav;;;;;;;17;Male;18/03/2018 20:37:21;1;1
13;Male;24;Male;Estonian;0;273_1;273_10001273_1647_ch1.wav;;;;;;;16;Male;18/03/2018 20:37:21;0;0
11;Female;24;Male;Estonian;0;327_2;327_20002327_29_ch1.wav;;;;;;;14;Female;18/03/2018 20:37:21;0;0
10;Female;24;Male;Estonian;0;161_2;161_20002161_760_ch1.wav;;;;;;;10;Female;18/03/2018 20:37:21;1;1
11;Male;24;Male;Estonian;0;282_1;282_10001282_813_ch1.wav;;;;;;;13;Male;18/03/2018 20:37:21;0;1
13;Female;24;Male;Estonian;0;328_2;328_20002328_1541_ch1.wav;;;;;;;14;Female;18/03/2018 20:37:21;1;0
10;Female;24;Male;Estonian;0;198_2;198_20002198_125_ch1.wav;;;;;;;11;Female;18/03/2018 20:37:21;1;1
11;Male;24;Male;Estonian;0;212_1;212_10001212_824_ch1.wav;;;;;;;12;Male;18/03/2018 20:37:21;1;1
10;Female;24;Male;Estonian;0;198_2;198_20002198_1930_ch1.wav;;;;;;;11;Female;19/03/2018 18:45:24;1;1
16;Male;24;Male;Estonian;0;273_1;273_10001273_1753_ch1.wav;;;;;;;16;Male;19/03/2018 18:45:24;1;1
17;Male;24;Male;Estonian;0;265_1;265_10001265_14_ch1.wav;;;;;;;17;Male;19/03/2018 18:45:24;1;1
11;Female;24;Male;Estonian;0;153_2;153_20002153_92_ch1.wav;;;;;;;10;Female;19/03/2018 18:45:24;1;1
12;Female;24;Male;Estonian;0;306_2;306_20002306_37_ch1.wav;;;;;;;13;Female;19/03/2018 18:45:24;0;1
11;Female;24;Male;Estonian;0;208_2;208_20002208_707_ch1.wav;;;;;;;11;Female;19/03/2018 18:45:24;1;1
13;Female;24;Male;Estonian;0;259_2;259_20002259_80_ch1.wav;;;;;;;14;Female;19/03/2018 18:45:24;1;0
18;Male;24;Male;Estonian;0;295_1;295_10001295_173_ch1.wav;;;;;;;16;Male;19/03/2018 18:45:24;1;1
11;Female;24;Male;Estonian;0;237_2;237_20002237_18_ch1.wav;;;;;;;11;Female;19/03/2018 18:45:24;1;1
10;Female;24;Male;Estonian;0;161_2;161_20002161_118_ch1.wav;;;;;;;10;Female;19/03/2018 18:45:24;1;1
12;Male;24;Male;Estonian;0;328_2;328_20002328_152_ch1.wav;;;;;;;14;Female;19/03/2018 19:04:01;0;0
12;Male;24;Male;Estonian;0;306_2;306_20002306_740_ch1.wav;;;;;;;13;Female;19/03/2018 19:04:01;0;1
15;Male;24;Male;Estonian;0;282_1;282_10001282_43_ch1.wav;;;;;;;13;Male;19/03/2018 19:04:01;0;0
11;Male;24;Male;Estonian;0;153_2;153_20002153_1646_ch1.wav;;;;;;;10;Female;19/03/2018 19:04:01;1;1
17;Male;24;Male;Estonian;0;253_1;253_10001253_767_ch1.wav;;;;;;;15;Male;19/03/2018 19:04:01;1;1
11;Female;24;Male;Estonian;0;161_2;161_20002161_29_ch1.wav;;;;;;;10;Female;19/03/2018 19:04:01;1;1
10;Male;24;Male;Estonian;0;198_2;198_20002198_789_ch1.wav;;;;;;;11;Female;19/03/2018 19:04:01;1;1
16;Male;24;Male;Estonian;0;290_1;290_10001290_1714_ch1.wav;;;;;;;16;Male;19/03/2018 19:04:01;1;1
13;Female;24;Male;Estonian;0;208_2;208_20002208_1517_ch1.wav;;;;;;;11;Female;19/03/2018 19:04:01;0;1
15;Male;24;Male;Estonian;0;265_1;265_10001265_695_ch1.wav;;;;;;;17;Male;19/03/2018 19:04:01;1;1
11;Female;24;Male;Estonian;0;333_2;333_20002333_730_ch1.wav;;;;;;;16;Female;20/03/2018 13:16:27;0;0
14;Male;24;Male;Estonian;0;276_1;276_10001276_53_ch1.wav;;;;;;;15;Male;20/03/2018 13:16:27;0;1
17;Male;24;Male;Estonian;0;294_1;294_10001294_78_ch1.wav;;;;;;;14;Male;20/03/2018 13:16:27;0;1
10;Male;24;Male;Estonian;0;153_2;153_20002153_2315_ch1.wav;;;;;;;10;Female;20/03/2018 13:16:27;1;1
10;Male;24;Male;Estonian;0;208_2;208_20002208_662_ch1.wav;;;;;;;11;Female;20/03/2018 13:16:27;1;1
18;Male;24;Male;Estonian;0;290_1;290_10001290_1538_ch1.wav;;;;;;;16;Male;20/03/2018 13:16:27;1;1
17;Male;24;Male;Estonian;0;253_1;253_10001253_2044_ch1.wav;;;;;;;15;Male;20/03/2018 13:16:27;1;1
11;Female;24;Male;Estonian;0;237_2;237_20002237_51_ch1.wav;;;;;;;11;Female;20/03/2018 13:16:27;1;1
18;Male;24;Male;Estonian;0;265_1;265_10001265_694_ch1.wav;;;;;;;17;Male;20/03/2018 13:16:27;1;1
10;Female;24;Male;Estonian;0;161_2;161_20002161_66_ch1.wav;;;;;;;10;Female;20/03/2018 13:16:27;1;1
12;Male;24;Male;Estonian;0;154_1;154_10001154_81_ch1.wav;;;;;;;10;Male;20/03/2018 15:06:17;1;1
15;Male;24;Male;Estonian;0;265_1;265_10001265_697_ch1.wav;;;;;;;17;Male;20/03/2018 15:06:17;1;1
17;Male;24;Male;Estonian;0;295_1;295_10001295_101_ch1.wav;;;;;;;16;Male;20/03/2018 15:06:17;1;1
10;Female;24;Male;Estonian;0;237_2;237_20002237_212_ch1.wav;;;;;;;11;Female;20/03/2018 15:06:17;1;1
13;Male;24;Male;Estonian;0;320_1;320_10001320_141_ch1.wav;;;;;;;16;Male;20/03/2018 15:06:17;0;0
14;Female;24;Male;Estonian;0;257_2;257_20002257_45_ch1.wav;;;;;;;13;Female;20/03/2018 15:06:17;1;0
15;Female;24;Male;Estonian;0;327_2;327_20002327_2190_ch1.wav;;;;;;;14;Female;20/03/2018 15:06:17;0;1
12;Male;24;Male;Estonian;0;212_1;212_10001212_46_ch1.wav;;;;;;;12;Male;20/03/2018 15:06:17;1;1
12;Female;24;Male;Estonian;0;258_2;258_20002258_94_ch1.wav;;;;;;;13;Female;20/03/2018 15:06:17;0;1
10;Female;24;Male;Estonian;0;142_2;142_20002142_1581_ch1.wav;;;;;;;10;Female;20/03/2018 15:06:17;1;1
14;Female;24;Female;Estonian;0;257_2;257_20002257_2154_ch1.wav;;;;;;;13;Female;20/03/2018 18:28:21;1;0
11;Male;24;Female;Estonian;0;154_1;154_10001154_734_ch1.wav;;;;;;;10;Male;20/03/2018 18:28:21;1;1
10;Male;24;Female;Estonian;0;258_2;258_20002258_93_ch1.wav;;;;;;;13;Female;20/03/2018 18:28:21;0;1
12;Female;24;Female;Estonian;0;198_2;198_20002198_1707_ch1.wav;;;;;;;11;Female;20/03/2018 18:28:21;1;1
16;Male;24;Female;Estonian;0;252_1;252_10001252_17_ch1.wav;;;;;;;16;Male;20/03/2018 18:28:21;1;1
15;Female;24;Female;Estonian;0;153_2;153_20002153_1648_ch1.wav;;;;;;;10;Female;20/03/2018 18:28:21;0;0
17;Male;24;Female;Estonian;0;253_1;253_10001253_288_ch1.wav;;;;;;;15;Male;20/03/2018 18:28:21;1;1
15;Female;24;Female;Estonian;0;284_2;284_20002284_23_ch1.wav;;;;;;;14;Female;20/03/2018 18:28:21;0;1
17;Male;24;Female;Estonian;0;290_1;290_10001290_57_ch1.wav;;;;;;;16;Male;20/03/2018 18:28:21;1;1
12;Female;24;Female;Estonian;0;237_2;237_20002237_681_ch1.wav;;;;;;;11;Female;20/03/2018 18:28:21;1;1
10;Female;25;Female;Estonian;0;284_2;;;;;;;;14;Female;04/03/2018 16:14:52;0;0
15;Male;25;Female;Estonian;0;320_1;;;;;;;;16;Male;04/03/2018 16:14:52;1;1
12;Female;25;Female;Estonian;0;153_2;;;;;;;;10;Female;04/03/2018 16:14:52;1;1
17;Male;25;Female;Estonian;0;312_1;;;;;;;;16;Male;04/03/2018 16:14:52;1;1
16;Male;25;Female;Estonian;0;273_1;;;;;;;;16;Male;04/03/2018 16:14:52;1;1
18;Male;25;Female;Estonian;0;265_1;;;;;;;;17;Male;04/03/2018 16:14:52;1;1
13;Female;25;Female;Estonian;0;198_2;;;;;;;;11;Female;04/03/2018 16:14:52;0;1
13;Male;25;Female;Estonian;0;263_2;;;;;;;;14;Female;04/03/2018 16:14:52;1;0
16;Male;25;Female;Estonian;0;253_1;;;;;;;;15;Male;04/03/2018 16:14:52;1;1
16;Female;25;Female;Estonian;0;327_2;;;;;;;;14;Female;04/03/2018 16:14:52;0;1
10;Female;25;Male;Estonian;0;142_2;;;;;;;;10;Female;05/03/2018 10:02:51;1;1
14;Male;25;Male;Estonian;0;212_1;;;;;;;;12;Male;05/03/2018 10:02:51;0;0
15;Female;25;Male;Estonian;0;328_2;;;;;;;;14;Female;05/03/2018 10:02:51;0;1
13;Female;25;Male;Estonian;0;331_2;;;;;;;;14;Female;05/03/2018 10:02:51;1;0
18;Male;25;Male;Estonian;0;295_1;;;;;;;;16;Male;05/03/2018 10:02:51;1;1
15;Female;25;Male;Estonian;0;263_2;;;;;;;;14;Female;05/03/2018 10:02:51;0;1
11;Male;25;Male;Estonian;0;306_2;;;;;;;;13;Female;05/03/2018 10:02:51;0;1
18;Male;25;Male;Estonian;0;265_1;;;;;;;;17;Male;05/03/2018 10:02:51;1;1
10;Female;25;Male;Estonian;0;198_2;;;;;;;;11;Female;05/03/2018 10:02:51;1;1
13;Female;25;Male;Estonian;0;257_2;;;;;;;;13;Female;05/03/2018 10:02:51;1;1
16;Male;25;Male;Estonian;0;276_1;276_10001276_740_ch1.wav;;;;;;;15;Male;05/03/2018 17:31:10;1;1
12;Male;25;Male;Estonian;0;282_1;282_10001282_1552_ch1.wav;;;;;;;13;Male;05/03/2018 17:31:10;0;1
11;Male;25;Male;Estonian;0;328_2;328_20002328_22_ch1.wav;;;;;;;14;Female;05/03/2018 17:31:10;0;0
18;Female;25;Male;Estonian;0;259_2;259_20002259_11_ch1.wav;;;;;;;14;Female;05/03/2018 17:31:10;0;1
14;Female;25;Male;Estonian;0;257_2;257_20002257_148_ch1.wav;;;;;;;13;Female;05/03/2018 17:31:10;1;0
12;Male;25;Male;Estonian;0;327_2;327_20002327_1623_ch1.wav;;;;;;;14;Female;05/03/2018 17:31:10;0;0
18;Male;25;Male;Estonian;0;290_1;290_10001290_76_ch1.wav;;;;;;;16;Male;05/03/2018 17:31:10;1;1
13;Female;25;Male;Estonian;0;333_2;333_20002333_98_ch1.wav;;;;;;;16;Female;05/03/2018 17:31:10;0;0
16;Male;25;Male;Estonian;0;312_1;312_10001312_454_ch1.wav;;;;;;;16;Male;05/03/2018 17:31:10;1;1
18;Male;25;Male;Estonian;0;320_1;320_10001320_281_ch1.wav;;;;;;;16;Male;05/03/2018 17:31:10;1;1
18;Male;25;Male;Estonian;0;312_1;312_10001312_50_ch1.wav;;;;;;;16;Male;05/03/2018 18:35:32;1;1
12;Male;25;Male;Estonian;0;282_1;282_10001282_1514_ch1.wav;;;;;;;13;Male;05/03/2018 18:35:32;0;1
10;Male;25;Male;Estonian;0;161_2;161_20002161_1873_ch1.wav;;;;;;;10;Female;05/03/2018 18:35:32;1;1
11;Male;25;Male;Estonian;0;212_1;212_10001212_1763_ch1.wav;;;;;;;12;Male;05/03/2018 18:35:32;1;1
11;Female;25;Male;Estonian;0;208_2;208_20002208_92_ch1.wav;;;;;;;11;Female;05/03/2018 18:35:32;1;1
10;Female;25;Male;Estonian;0;198_2;198_20002198_667_ch1.wav;;;;;;;11;Female;05/03/2018 18:35:32;1;1
16;Male;25;Male;Estonian;0;295_1;295_10001295_2223_ch1.wav;;;;;;;16;Male;05/03/2018 18:35:32;1;1
14;Female;25;Male;Estonian;0;333_2;333_20002333_729_ch1.wav;;;;;;;16;Female;05/03/2018 18:35:32;0;1
17;Male;25;Male;Estonian;0;290_1;290_10001290_795_ch1.wav;;;;;;;16;Male;05/03/2018 18:35:32;1;1
18;Male;25;Male;Estonian;0;294_1;294_10001294_690_ch1.wav;;;;;;;14;Male;05/03/2018 18:35:32;0;1
10;Male;25;Male;Estonian;0;153_2;153_20002153_95_ch1.wav;;;;;;;10;Female;05/03/2018 20:12:54;1;1
17;Male;25;Male;Estonian;0;295_1;295_10001295_214_ch1.wav;;;;;;;16;Male;05/03/2018 20:12:54;1;1
10;Male;25;Male;Estonian;0;258_2;258_20002258_92_ch1.wav;;;;;;;13;Female;05/03/2018 20:12:54;0;1
11;Female;25;Male;Estonian;0;259_2;259_20002259_1760_ch1.wav;;;;;;;14;Female;05/03/2018 20:12:54;0;0
18;Male;25;Male;Estonian;0;252_1;252_10001252_119_ch1.wav;;;;;;;16;Male;05/03/2018 20:12:54;1;1
16;Male;25;Male;Estonian;0;265_1;265_10001265_694_ch1.wav;;;;;;;17;Male;05/03/2018 20:12:54;1;1
10;Female;25;Male;Estonian;0;237_2;237_20002237_1622_ch1.wav;;;;;;;11;Female;05/03/2018 20:12:54;1;1
16;Male;25;Male;Estonian;0;273_1;273_10001273_2132_ch1.wav;;;;;;;16;Male;05/03/2018 20:12:54;1;1
12;Female;25;Male;Estonian;0;327_2;327_20002327_1770_ch1.wav;;;;;;;14;Female;05/03/2018 20:12:54;0;0
10;Male;25;Male;Estonian;0;198_2;198_20002198_638_ch1.wav;;;;;;;11;Female;05/03/2018 20:12:54;1;1
18;Male;25;Female;Estonian;0;294_1;294_10001294_2005_ch1.wav;;;;;;;14;Male;17/03/2018 12:35:48;0;1
12;Female;25;Female;Estonian;0;306_2;306_20002306_2312_ch1.wav;;;;;;;13;Female;17/03/2018 12:35:48;0;1
11;Female;25;Female;Estonian;0;153_2;153_20002153_460_ch1.wav;;;;;;;10;Female;17/03/2018 12:35:48;1;1
10;Female;25;Female;Estonian;0;237_2;237_20002237_681_ch1.wav;;;;;;;11;Female;17/03/2018 12:35:48;1;1
16;Female;25;Female;Estonian;0;263_2;263_20002263_129_ch1.wav;;;;;;;14;Female;17/03/2018 12:35:48;0;1
12;Male;25;Female;Estonian;0;154_1;154_10001154_1796_ch1.wav;;;;;;;10;Male;17/03/2018 12:35:48;1;1
16;Male;25;Female;Estonian;0;265_1;265_10001265_16_ch1.wav;;;;;;;17;Male;17/03/2018 12:35:48;1;1
13;Female;25;Female;Estonian;0;142_2;142_20002142_1129_ch1.wav;;;;;;;10;Female;17/03/2018 12:35:48;0;1
12;Female;25;Female;Estonian;0;333_2;333_20002333_460_ch1.wav;;;;;;;16;Female;17/03/2018 12:35:48;0;0
16;Male;25;Female;Estonian;0;253_1;253_10001253_34_ch1.wav;;;;;;;15;Male;17/03/2018 12:35:48;1;1
10;Female;25;Male;Estonian;0;237_2;237_20002237_161_ch1.wav;;;;;;;11;Female;17/03/2018 13:50:27;1;1
10;Male;25;Male;Estonian;0;331_2;331_20002331_2286_ch1.wav;;;;;;;14;Female;17/03/2018 13:50:27;0;0
16;Male;25;Male;Estonian;0;245_1;245_10001245_71_ch1.wav;;;;;;;18;Male;17/03/2018 13:50:27;1;1
13;Male;25;Male;Estonian;0;154_1;154_10001154_85_ch1.wav;;;;;;;10;Male;17/03/2018 13:50:27;0;1
10;Female;25;Male;Estonian;0;198_2;198_20002198_1962_ch1.wav;;;;;;;11;Female;17/03/2018 13:50:27;1;1
18;Male;25;Male;Estonian;0;273_1;273_10001273_1766_ch1.wav;;;;;;;16;Male;17/03/2018 13:50:27;1;1
14;Male;25;Male;Estonian;0;212_1;212_10001212_48_ch1.wav;;;;;;;12;Male;17/03/2018 13:50:27;0;0
18;Male;25;Male;Estonian;0;265_1;265_10001265_76_ch1.wav;;;;;;;17;Male;17/03/2018 13:50:27;1;1
16;Female;25;Male;Estonian;0;328_2;328_20002328_20_ch1.wav;;;;;;;14;Female;17/03/2018 13:50:27;0;1
17;Male;25;Male;Estonian;0;294_1;294_10001294_658_ch1.wav;;;;;;;14;Male;17/03/2018 13:50:27;0;1
18;Male;25;Male;Estonian;0;290_1;290_10001290_2098_ch1.wav;;;;;;;16;Male;18/03/2018 12:17:29;1;1
17;Male;25;Male;Estonian;0;320_1;320_10001320_10_ch1.wav;;;;;;;16;Male;18/03/2018 12:17:29;1;1
12;Female;25;Male;Estonian;0;154_1;154_10001154_28_ch1.wav;;;;;;;10;Male;18/03/2018 12:17:29;1;1
13;Female;25;Male;Estonian;0;257_2;257_20002257_676_ch1.wav;;;;;;;13;Female;18/03/2018 12:17:29;1;1
13;Female;25;Male;Estonian;0;331_2;331_20002331_268_ch1.wav;;;;;;;14;Female;18/03/2018 12:17:29;1;0
15;Female;25;Male;Estonian;0;306_2;306_20002306_1659_ch1.wav;;;;;;;13;Female;18/03/2018 12:17:29;0;0
10;Female;25;Male;Estonian;0;282_1;282_10001282_18_ch1.wav;;;;;;;13;Male;18/03/2018 12:17:29;0;1
14;Male;25;Male;Estonian;0;294_1;294_10001294_80_ch1.wav;;;;;;;14;Male;18/03/2018 12:17:29;1;1
18;Male;25;Male;Estonian;0;253_1;253_10001253_768_ch1.wav;;;;;;;15;Male;18/03/2018 12:17:29;1;1
12;Female;25;Male;Estonian;0;198_2;198_20002198_1725_ch1.wav;;;;;;;11;Female;18/03/2018 12:17:29;1;1
11;Male;25;Female;Estonian;0;154_1;154_10001154_1466_ch1.wav;;;;;;;10;Male;18/03/2018 19:56:46;1;1
16;Male;25;Female;Estonian;0;253_1;253_10001253_2265_ch1.wav;;;;;;;15;Male;18/03/2018 19:56:46;1;1
12;Female;25;Female;Estonian;0;198_2;198_20002198_1758_ch1.wav;;;;;;;11;Female;18/03/2018 19:56:46;1;1
17;Male;25;Female;Estonian;0;320_1;320_10001320_74_ch1.wav;;;;;;;16;Male;18/03/2018 19:56:46;1;1
13;Female;25;Female;Estonian;0;263_2;263_20002263_158_ch1.wav;;;;;;;14;Female;18/03/2018 19:56:46;1;0
14;Female;25;Female;Estonian;0;257_2;257_20002257_1770_ch1.wav;;;;;;;13;Female;18/03/2018 19:56:46;1;0
10;Female;25;Female;Estonian;0;237_2;237_20002237_18_ch1.wav;;;;;;;11;Female;18/03/2018 19:56:46;1;1
17;Male;25;Female;Estonian;0;273_1;273_10001273_1645_ch1.wav;;;;;;;16;Male;18/03/2018 19:56:46;1;1
16;Male;25;Female;Estonian;0;276_1;276_10001276_2167_ch1.wav;;;;;;;15;Male;18/03/2018 19:56:46;1;1
17;Male;25;Female;Estonian;0;265_1;265_10001265_2203_ch1.wav;;;;;;;17;Male;18/03/2018 19:56:46;1;1
16;Male;25;Male;Estonian;0;253_1;253_10001253_2090_ch1.wav;;;;;;;15;Male;18/03/2018 20:26:49;1;1
16;Male;25;Male;Estonian;0;265_1;265_10001265_28_ch1.wav;;;;;;;17;Male;18/03/2018 20:26:49;1;1
11;Female;25;Male;Estonian;0;198_2;198_20002198_460_ch1.wav;;;;;;;11;Female;18/03/2018 20:26:49;1;1
14;Female;25;Male;Estonian;0;328_2;328_20002328_96_ch1.wav;;;;;;;14;Female;18/03/2018 20:26:49;1;1
10;Female;25;Male;Estonian;0;258_2;258_20002258_2210_ch1.wav;;;;;;;13;Female;18/03/2018 20:26:49;0;1
11;Male;25;Male;Estonian;0;331_2;331_20002331_165_ch1.wav;;;;;;;14;Female;18/03/2018 20:26:49;0;0
10;Male;25;Male;Estonian;0;142_2;142_20002142_2174_ch1.wav;;;;;;;10;Female;18/03/2018 20:26:49;1;1
13;Female;25;Male;Estonian;0;327_2;327_20002327_18_ch1.wav;;;;;;;14;Female;18/03/2018 20:26:49;1;0
10;Female;25;Male;Estonian;0;208_2;208_20002208_1625_ch1.wav;;;;;;;11;Female;18/03/2018 20:26:49;1;1
12;Female;25;Male;Estonian;0;259_2;259_20002259_2103_ch1.wav;;;;;;;14;Female;18/03/2018 20:26:49;0;0
16;Female;25;Male;Estonian;0;327_2;327_20002327_48_ch1.wav;;;;;;;14;Female;18/03/2018 20:35:28;0;1
16;Female;25;Male;Estonian;0;263_2;263_20002263_129_ch1.wav;;;;;;;14;Female;18/03/2018 20:35:28;0;1
18;Male;25;Male;Estonian;0;252_1;252_10001252_119_ch1.wav;;;;;;;16;Male;18/03/2018 20:35:28;1;1
16;Male;25;Male;Estonian;0;295_1;295_10001295_10_ch1.wav;;;;;;;16;Male;18/03/2018 20:35:28;1;1
15;Male;25;Male;Estonian;0;265_1;265_10001265_2203_ch1.wav;;;;;;;17;Male;18/03/2018 20:35:28;1;1
10;Male;25;Male;Estonian;0;306_2;306_20002306_35_ch1.wav;;;;;;;13;Female;18/03/2018 20:35:28;0;1
12;Female;25;Male;Estonian;0;333_2;333_20002333_35_ch1.wav;;;;;;;16;Female;18/03/2018 20:35:28;0;0
10;Male;25;Male;Estonian;0;161_2;161_20002161_230_ch1.wav;;;;;;;10;Female;18/03/2018 20:35:28;1;1
18;Female;25;Male;Estonian;0;259_2;259_20002259_82_ch1.wav;;;;;;;14;Female;18/03/2018 20:35:28;0;1
13;Male;25;Male;Estonian;0;331_2;331_20002331_22_ch1.wav;;;;;;;14;Female;18/03/2018 20:35:28;1;0
15;Male;25;Male;Estonian;0;320_1;320_10001320_281_ch1.wav;;;;;;;16;Male;18/03/2018 20:44:30;1;1
17;Male;25;Male;Estonian;0;245_1;245_10001245_466_ch1.wav;;;;;;;18;Male;18/03/2018 20:44:30;1;1
18;Male;25;Male;Estonian;0;295_1;295_10001295_1715_ch1.wav;;;;;;;16;Male;18/03/2018 20:44:30;1;1
17;Male;25;Male;Estonian;0;252_1;252_10001252_13_ch1.wav;;;;;;;16;Male;18/03/2018 20:44:30;1;1
12;Female;25;Male;Estonian;0;142_2;142_20002142_10_ch1.wav;;;;;;;10;Female;18/03/2018 20:44:30;1;1
14;Male;25;Male;Estonian;0;282_1;282_10001282_49_ch1.wav;;;;;;;13;Male;18/03/2018 20:44:30;1;0
14;Male;25;Male;Estonian;0;212_1;212_10001212_1925_ch1.wav;;;;;;;12;Male;18/03/2018 20:44:30;0;0
14;Female;25;Male;Estonian;0;263_2;263_20002263_259_ch1.wav;;;;;;;14;Female;18/03/2018 20:44:30;1;1
16;Female;25;Male;Estonian;0;333_2;333_20002333_98_ch1.wav;;;;;;;16;Female;18/03/2018 20:44:30;1;1
11;Male;25;Male;Estonian;0;153_2;153_20002153_729_ch1.wav;;;;;;;10;Female;18/03/2018 20:44:30;1;1
16;Female;25;Male;Estonian;0;259_2;259_20002259_1442_ch1.wav;;;;;;;14;Female;18/03/2018 21:57:33;0;1
18;Male;25;Male;Estonian;0;253_1;253_10001253_633_ch1.wav;;;;;;;15;Male;18/03/2018 21:57:33;1;1
11;Female;25;Male;Estonian;0;306_2;306_20002306_13_ch1.wav;;;;;;;13;Female;18/03/2018 21:57:33;0;1
10;Male;25;Male;Estonian;0;208_2;208_20002208_708_ch1.wav;;;;;;;11;Female;18/03/2018 21:57:33;1;1
18;Male;25;Male;Estonian;0;295_1;295_10001295_452_ch1.wav;;;;;;;16;Male;18/03/2018 21:57:33;1;1
12;Male;25;Male;Estonian;0;212_1;212_10001212_257_ch1.wav;;;;;;;12;Male;18/03/2018 21:57:33;1;1
15;Male;25;Male;Estonian;0;320_1;320_10001320_1723_ch1.wav;;;;;;;16;Male;18/03/2018 21:57:33;1;1
10;Female;25;Male;Estonian;0;237_2;237_20002237_1622_ch1.wav;;;;;;;11;Female;18/03/2018 21:57:33;1;1
12;Female;25;Male;Estonian;0;333_2;333_20002333_1647_ch1.wav;;;;;;;16;Female;18/03/2018 21:57:33;0;0
14;Female;25;Male;Estonian;0;284_2;284_20002284_679_ch1.wav;;;;;;;14;Female;18/03/2018 21:57:33;1;1
15;Female;25;Female;Estonian;0;333_2;333_20002333_36_ch1.wav;;;;;;;16;Female;19/03/2018 21:08:14;1;1
12;Male;25;Female;Estonian;0;263_2;263_20002263_687_ch1.wav;;;;;;;14;Female;19/03/2018 21:08:14;0;0
17;Male;25;Female;Estonian;0;273_1;273_10001273_32_ch1.wav;;;;;;;16;Male;19/03/2018 21:08:14;1;1
12;Male;25;Female;Estonian;0;208_2;208_20002208_1517_ch1.wav;;;;;;;11;Female;19/03/2018 21:08:14;1;1
17;Male;25;Female;Estonian;0;294_1;294_10001294_463_ch1.wav;;;;;;;14;Male;19/03/2018 21:08:14;0;1
14;Male;25;Female;Estonian;0;331_2;331_20002331_268_ch1.wav;;;;;;;14;Female;19/03/2018 21:08:14;1;1
10;Female;25;Female;Estonian;0;161_2;161_20002161_61_ch1.wav;;;;;;;10;Female;19/03/2018 21:08:14;1;1
15;Female;25;Female;Estonian;0;257_2;257_20002257_48_ch1.wav;;;;;;;13;Female;19/03/2018 21:08:14;0;0
15;Female;25;Female;Estonian;0;153_2;153_20002153_667_ch1.wav;;;;;;;10;Female;19/03/2018 21:08:14;0;0
12;Male;25;Female;Estonian;0;212_1;212_10001212_45_ch1.wav;;;;;;;12;Male;19/03/2018 21:08:14;1;1
16;Male;26;Female;Estonian;0;252_1;252_10001252_1731_ch1.wav;;;;;;;16;Male;18/03/2018 20:43:44;1;1
15;Female;26;Female;Estonian;0;259_2;259_20002259_146_ch1.wav;;;;;;;14;Female;18/03/2018 20:43:44;0;1
10;Male;26;Female;Estonian;0;153_2;153_20002153_1740_ch1.wav;;;;;;;10;Female;18/03/2018 20:43:44;1;1
10;Female;26;Female;Estonian;0;328_2;328_20002328_28_ch1.wav;;;;;;;14;Female;18/03/2018 20:43:44;0;0
12;Female;26;Female;Estonian;0;306_2;306_20002306_1759_ch1.wav;;;;;;;13;Female;18/03/2018 20:43:44;0;1
17;Male;26;Female;Estonian;0;253_1;253_10001253_2090_ch1.wav;;;;;;;15;Male;18/03/2018 20:43:44;1;1
16;Male;26;Female;Estonian;0;290_1;290_10001290_291_ch1.wav;;;;;;;16;Male;18/03/2018 20:43:44;1;1
15;Male;26;Female;Estonian;0;276_1;276_10001276_143_ch1.wav;;;;;;;15;Male;18/03/2018 20:43:44;1;1
11;Male;26;Female;Estonian;0;257_2;257_20002257_52_ch1.wav;;;;;;;13;Female;18/03/2018 20:43:44;0;1
14;Male;26;Female;Estonian;0;263_2;263_20002263_685_ch1.wav;;;;;;;14;Female;18/03/2018 20:43:44;1;1
18;Male;26;Female;Estonian;0;273_1;273_10001273_646_ch1.wav;;;;;;;16;Male;20/03/2018 11:28:15;1;1
16;Male;26;Female;Estonian;0;294_1;294_10001294_80_ch1.wav;;;;;;;14;Male;20/03/2018 11:28:15;0;1
12;Female;26;Female;Estonian;0;153_2;153_20002153_93_ch1.wav;;;;;;;10;Female;20/03/2018 11:28:15;1;1
10;Female;26;Female;Estonian;0;161_2;161_20002161_21_ch1.wav;;;;;;;10;Female;20/03/2018 11:28:15;1;1
15;Female;26;Female;Estonian;0;263_2;263_20002263_2055_ch1.wav;;;;;;;14;Female;20/03/2018 11:28:15;0;1
12;Female;26;Female;Estonian;0;331_2;331_20002331_2286_ch1.wav;;;;;;;14;Female;20/03/2018 11:28:15;0;0
18;Male;26;Female;Estonian;0;290_1;290_10001290_141_ch1.wav;;;;;;;16;Male;20/03/2018 11:28:15;1;1
13;Male;26;Female;Estonian;0;212_1;212_10001212_1644_ch1.wav;;;;;;;12;Male;20/03/2018 11:28:15;0;1
12;Female;26;Female;Estonian;0;327_2;327_20002327_2240_ch1.wav;;;;;;;14;Female;20/03/2018 11:28:15;0;0
17;Male;26;Female;Estonian;0;253_1;253_10001253_97_ch1.wav;;;;;;;15;Male;20/03/2018 11:28:15;1;1
18;Male;27;Male;Other;0;295_1;295_10001295_16_ch1.wav;;;;;;;16;Male;05/03/2018 11:45:17;1;1
12;Male;27;Male;Other;0;306_2;306_20002306_40_ch1.wav;;;;;;;13;Female;05/03/2018 11:45:17;0;1
10;Male;27;Male;Other;0;257_2;257_20002257_1999_ch1.wav;;;;;;;13;Female;05/03/2018 11:45:17;0;1
17;Male;27;Male;Other;0;290_1;290_10001290_805_ch1.wav;;;;;;;16;Male;05/03/2018 11:45:17;1;1
16;Male;27;Male;Other;0;265_1;265_10001265_22_ch1.wav;;;;;;;17;Male;05/03/2018 11:45:17;1;1
15;Female;27;Male;Other;0;282_1;282_10001282_10_ch1.wav;;;;;;;13;Male;05/03/2018 11:45:17;0;0
16;Male;27;Male;Other;0;276_1;276_10001276_1494_ch1.wav;;;;;;;15;Male;05/03/2018 11:45:17;1;1
16;Female;27;Male;Other;0;212_1;212_10001212_19_ch1.wav;;;;;;;12;Male;05/03/2018 11:45:17;0;0
14;Female;27;Male;Other;0;153_2;153_20002153_1465_ch1.wav;;;;;;;10;Female;05/03/2018 11:45:17;0;0
18;Female;27;Male;Other;0;327_2;327_20002327_17_ch1.wav;;;;;;;14;Female;05/03/2018 11:45:17;0;1
18;Male;27;Male;Estonian;0;295_1;295_10001295_71_ch1.wav;;;;;;;16;Male;21/03/2018 11:07:11;1;1
16;Female;27;Male;Estonian;0;327_2;327_20002327_474_ch1.wav;;;;;;;14;Female;21/03/2018 11:07:11;0;1
12;Male;27;Male;Estonian;0;212_1;212_10001212_2306_ch1.wav;;;;;;;12;Male;21/03/2018 11:07:11;1;1
15;Male;27;Male;Estonian;0;245_1;245_10001245_10_ch1.wav;;;;;;;18;Male;21/03/2018 11:07:11;1;1
16;Male;27;Male;Estonian;0;265_1;265_10001265_72_ch1.wav;;;;;;;17;Male;21/03/2018 11:07:11;1;1
18;Female;27;Male;Estonian;0;153_2;153_20002153_468_ch1.wav;;;;;;;10;Female;21/03/2018 11:07:11;0;0
13;Male;27;Male;Estonian;0;276_1;276_10001276_61_ch1.wav;;;;;;;15;Male;21/03/2018 11:07:11;0;0
14;Female;27;Male;Estonian;0;259_2;259_20002259_791_ch1.wav;;;;;;;14;Female;21/03/2018 11:07:11;1;1
16;Male;27;Male;Estonian;0;312_1;312_10001312_1561_ch1.wav;;;;;;;16;Male;21/03/2018 11:07:11;1;1
11;Male;27;Male;Estonian;0;282_1;282_10001282_681_ch1.wav;;;;;;;13;Male;21/03/2018 11:07:11;0;1
10;Female;28;Male;Estonian;0;142_2;142_20002142_1129_ch1.wav;;;;;;;10;Female;18/03/2018 20:19:46;1;1
18;Male;28;Male;Estonian;0;253_1;253_10001253_473_ch1.wav;;;;;;;15;Male;18/03/2018 20:19:46;1;1
15;Male;28;Male;Estonian;0;273_1;273_10001273_1561_ch1.wav;;;;;;;16;Male;18/03/2018 20:19:46;1;1
13;Female;28;Male;Estonian;0;306_2;306_20002306_59_ch1.wav;;;;;;;13;Female;18/03/2018 20:19:46;1;1
16;Female;28;Male;Estonian;0;284_2;284_20002284_634_ch1.wav;;;;;;;14;Female;18/03/2018 20:19:46;0;1
16;Male;28;Male;Estonian;0;252_1;252_10001252_1731_ch1.wav;;;;;;;16;Male;18/03/2018 20:19:46;1;1
15;Male;28;Male;Estonian;0;320_1;320_10001320_1989_ch1.wav;;;;;;;16;Male;18/03/2018 20:19:46;1;1
13;Male;28;Male;Estonian;0;276_1;276_10001276_273_ch1.wav;;;;;;;15;Male;18/03/2018 20:19:46;0;0
12;Female;28;Male;Estonian;0;258_2;258_20002258_2210_ch1.wav;;;;;;;13;Female;18/03/2018 20:19:46;0;1
11;Female;28;Male;Estonian;0;153_2;153_20002153_1758_ch1.wav;;;;;;;10;Female;18/03/2018 20:19:46;1;1
10;Male;28;Male;Other;0;142_2;142_20002142_50_ch1.wav;;;;;;;10;Female;20/03/2018 11:13:49;0;0
12;Female;28;Male;Other;0;333_2;333_20002333_646_ch1.wav;;;;;;;16;Female;20/03/2018 11:13:49;0;0
14;Female;28;Male;Other;0;306_2;306_20002306_10_ch1.wav;;;;;;;13;Female;20/03/2018 11:13:49;0;0
18;Male;28;Male;Other;0;245_1;245_10001245_738_ch1.wav;;;;;;;18;Male;20/03/2018 11:13:49;0;0
17;Male;28;Male;Other;0;253_1;253_10001253_32_ch1.wav;;;;;;;15;Male;20/03/2018 11:13:49;0;0
12;Male;28;Male;Other;0;153_2;153_20002153_94_ch1.wav;;;;;;;10;Female;20/03/2018 11:13:49;0;0
12;Male;28;Male;Other;0;282_1;282_10001282_153_ch1.wav;;;;;;;13;Male;20/03/2018 11:13:49;0;0
13;Male;28;Male;Other;0;212_1;212_10001212_469_ch1.wav;;;;;;;12;Male;20/03/2018 11:13:49;0;0
17;Male;28;Male;Other;0;312_1;312_10001312_14_ch1.wav;;;;;;;16;Male;20/03/2018 11:13:49;0;0
14;Female;28;Male;Other;0;257_2;257_20002257_1577_ch1.wav;;;;;;;13;Female;20/03/2018 11:13:49;0;0
10;Male;28;Male;Other;0;142_2;142_20002142_1818_ch1.wav;;;;;;;10;Female;23/03/2018 13:01:49;1;1
14;Female;28;Male;Other;0;212_1;212_10001212_1826_ch1.wav;;;;;;;12;Male;23/03/2018 13:01:49;0;0
18;Male;28;Male;Other;0;273_1;273_10001273_99_ch1.wav;;;;;;;16;Male;23/03/2018 13:01:49;1;1
18;Female;28;Male;Other;0;259_2;259_20002259_80_ch1.wav;;;;;;;14;Female;23/03/2018 13:01:49;0;1
10;Female;28;Male;Other;0;258_2;258_20002258_139_ch1.wav;;;;;;;13;Female;23/03/2018 13:01:49;0;1
14;Male;28;Male;Other;0;245_1;245_10001245_2029_ch1.wav;;;;;;;18;Male;23/03/2018 13:01:49;0;1
16;Female;28;Male;Other;0;327_2;327_20002327_2036_ch1.wav;;;;;;;14;Female;23/03/2018 13:01:49;0;1
18;Female;28;Male;Other;0;328_2;328_20002328_95_ch1.wav;;;;;;;14;Female;23/03/2018 13:01:49;0;1
15;Female;28;Male;Other;0;284_2;284_20002284_2085_ch1.wav;;;;;;;14;Female;23/03/2018 13:01:49;0;1
16;Male;28;Male;Other;0;253_1;253_10001253_2090_ch1.wav;;;;;;;15;Male;23/03/2018 13:01:49;1;1
15;Male;29;Male;Other;0;320_1;320_10001320_34_ch1.wav;;;;;;;16;Male;05/03/2018 11:56:37;1;1
18;Male;29;Male;Other;0;253_1;253_10001253_120_ch1.wav;;;;;;;15;Male;05/03/2018 11:56:37;1;1
15;Female;29;Male;Other;0;333_2;333_20002333_1439_ch1.wav;;;;;;;16;Female;05/03/2018 11:56:37;1;1
15;Male;29;Male;Other;0;294_1;294_10001294_26_ch1.wav;;;;;;;14;Male;05/03/2018 11:56:37;0;1
12;Male;29;Male;Other;0;212_1;212_10001212_647_ch1.wav;;;;;;;12;Male;05/03/2018 11:56:37;1;1
16;Male;29;Male;Other;0;312_1;312_10001312_764_ch1.wav;;;;;;;16;Male;05/03/2018 11:56:37;1;1
16;Female;29;Male;Other;0;284_2;284_20002284_634_ch1.wav;;;;;;;14;Female;05/03/2018 11:56:37;0;1
16;Female;29;Male;Other;0;327_2;327_20002327_681_ch1.wav;;;;;;;14;Female;05/03/2018 11:56:37;0;1
10;Female;29;Male;Other;0;142_2;142_20002142_47_ch1.wav;;;;;;;10;Female;05/03/2018 11:56:37;1;1
13;Female;29;Male;Other;0;263_2;263_20002263_656_ch1.wav;;;;;;;14;Female;05/03/2018 11:56:37;1;0